PassengerId,Survived,Pclass,Sex,Age,SibSp,Parch,Fare,Embarked,Has_Cabin,FamilySize,IsAlone,Title
1,0,3,1,1,1,0,0,0,0,2,0,1
2,1,1,0,2,1,0,3,1,1,2,0,3
3,1,3,0,1,0,0,1,0,0,1,1,4
4,1,1,0,2,1,0,3,0,1,2,0,3
5,0,3,1,2,0,0,1,0,0,1,1,1
6,0,3,1,2,0,0,1,2,0,1,1,1
7,0,1,1,3,0,0,3,0,1,1,1,1
8,0,3,1,0,3,1,2,0,0,5,0,2
9,1,3,0,1,0,2,1,0,0,3,0,3
10,1,2,0,0,1,0,2,1,0,2,0,3
11,1,3,0,0,1,1,2,0,1,3,0,4
12,1,1,0,3,0,0,2,0,1,1,1,4
13,0,3,1,1,0,0,1,0,0,1,1,1
14,0,3,1,2,1,5,3,0,0,7,0,1
15,0,3,0,0,0,0,0,0,0,1,1,4
16,1,2,0,3,0,0,2,0,0,1,1,3
17,0,3,1,0,4,1,2,2,0,6,0,2
18,1,2,1,2,0,0,1,0,0,1,1,1
19,0,3,0,1,1,0,2,0,0,2,0,3
20,1,3,0,1,0,0,0,1,0,1,1,3
21,0,2,1,2,0,0,2,0,0,1,1,1
22,1,2,1,2,0,0,1,0,1,1,1,1
23,1,3,0,0,0,0,1,2,0,1,1,4
24,1,1,1,1,0,0,3,0,1,1,1,1
25,0,3,0,0,3,1,2,0,0,5,0,4
26,1,3,0,2,1,5,3,0,0,7,0,3
27,0,3,1,2,0,0,0,1,0,1,1,1
28,0,1,1,1,3,2,3,0,1,6,0,1
29,1,3,0,1,0,0,0,2,0,1,1,4
30,0,3,1,1,0,0,0,0,0,1,1,1
31,0,1,1,2,0,0,2,1,0,1,1,5
32,1,1,0,1,1,0,3,1,1,2,0,3
33,1,3,0,0,0,0,0,2,0,1,1,4
34,0,2,1,66,0,0,1,0,0,1,1,1
35,0,1,1,1,1,0,3,1,0,2,0,1
36,0,1,1,2,1,0,3,0,0,2,0,1
37,1,3,1,1,0,0,0,1,0,1,1,1
38,0,3,1,1,0,0,1,0,0,1,1,1
39,0,3,0,1,2,0,2,0,0,3,0,4
40,1,3,0,0,1,0,1,1,0,2,0,4
41,0,3,0,2,1,0,1,0,0,2,0,3
42,0,2,0,1,1,0,2,0,0,2,0,3
43,0,3,1,2,0,0,0,1,0,1,1,1
44,1,2,0,0,1,2,3,1,0,4,0,4
45,1,3,0,1,0,0,0,2,0,1,1,4
46,0,3,1,1,0,0,1,0,0,1,1,1
47,0,3,1,2,1,0,2,2,0,2,0,1
48,1,3,0,1,0,0,0,2,0,1,1,4
49,0,3,1,2,2,0,2,1,0,3,0,1
50,0,3,0,1,1,0,2,0,0,2,0,3
51,0,3,1,0,4,1,3,0,0,6,0,2
52,0,3,1,1,0,0,0,0,0,1,1,1
53,1,1,0,3,1,0,3,1,1,2,0,3
54,1,2,0,1,1,0,2,0,0,2,0,3
55,0,1,1,65,0,1,3,1,1,2,0,1
56,1,1,1,1,0,0,3,0,1,1,1,1
57,1,2,0,1,0,0,1,0,0,1,1,4
58,0,3,1,1,0,0,0,1,0,1,1,1
59,1,2,0,0,1,2,2,0,0,4,0,4
60,0,3,1,0,5,2,3,0,0,8,0,2
61,0,3,1,1,0,0,0,1,0,1,1,1
62,1,1,0,2,0,0,3,0,1,1,1,4
63,0,1,1,2,1,0,3,0,1,2,0,1
64,0,3,1,0,3,2,2,0,0,6,0,2
65,0,1,1,0,0,0,2,1,0,1,1,1
66,1,3,1,0,1,1,2,1,0,3,0,2
67,1,2,0,1,0,0,1,0,1,1,1,3
68,0,3,1,1,0,0,1,0,0,1,1,1
69,1,3,0,1,4,2,1,0,0,7,0,4
70,0,3,1,1,2,0,1,0,0,3,0,1
71,0,2,1,1,0,0,1,0,0,1,1,1
72,0,3,0,0,5,2,3,0,0,8,0,4
73,0,2,1,1,0,0,3,0,0,1,1,1
74,0,3,1,1,1,0,2,1,0,2,0,1
75,1,3,1,1,0,0,3,0,0,1,1,1
76,0,3,1,1,0,0,0,0,1,1,1,1
77,0,3,1,2,0,0,0,0,0,1,1,1
78,0,3,1,1,0,0,1,0,0,1,1,1
79,1,2,1,0,0,2,2,0,0,3,0,2
80,1,3,0,1,0,0,1,0,0,1,1,4
81,0,3,1,1,0,0,1,0,0,1,1,1
82,1,3,1,1,0,0,1,0,0,1,1,1
83,1,3,0,2,0,0,0,2,0,1,1,4
84,0,1,1,1,0,0,3,0,0,1,1,1
85,1,2,0,1,0,0,1,0,0,1,1,4
86,1,3,0,2,3,0,2,0,0,4,0,3
87,0,3,1,0,1,3,3,0,0,5,0,1
88,0,3,1,1,0,0,1,0,0,1,1,1
89,1,1,0,1,3,2,3,0,1,6,0,4
90,0,3,1,1,0,0,1,0,0,1,1,1
91,0,3,1,1,0,0,1,0,0,1,1,1
92,0,3,1,1,0,0,0,0,0,1,1,1
93,0,1,1,2,1,0,3,0,1,2,0,1
94,0,3,1,1,1,2,2,0,0,4,0,1
95,0,3,1,3,0,0,0,0,0,1,1,1
96,0,3,1,2,0,0,1,0,0,1,1,1
97,0,1,1,71,0,0,3,1,1,1,1,1
98,1,1,1,1,0,1,3,1,1,2,0,1
99,1,2,0,2,0,1,2,0,0,2,0,3
100,0,2,1,2,1,0,2,0,0,2,0,1
101,0,3,0,1,0,0,0,0,0,1,1,4
102,0,3,1,1,0,0,0,0,0,1,1,1
103,0,1,1,1,0,1,3,0,1,2,0,1
104,0,3,1,2,0,0,1,0,0,1,1,1
105,0,3,1,2,2,0,1,0,0,3,0,1
106,0,3,1,1,0,0,0,0,0,1,1,1
107,1,3,0,1,0,0,0,0,0,1,1,4
108,1,3,1,1,0,0,0,0,0,1,1,1
109,0,3,1,2,0,0,0,0,0,1,1,1
110,1,3,0,0,1,0,2,2,0,2,0,4
111,0,1,1,2,0,0,3,0,1,1,1,1
112,0,3,0,0,1,0,2,1,0,2,0,4
113,0,3,1,1,0,0,1,0,0,1,1,1
114,0,3,0,1,1,0,1,0,0,2,0,4
115,0,3,0,1,0,0,2,1,0,1,1,4
116,0,3,1,1,0,0,1,0,0,1,1,1
117,0,3,1,70,0,0,0,2,0,1,1,1
118,0,2,1,1,1,0,2,0,0,2,0,1
119,0,1,1,1,0,1,3,1,1,2,0,1
120,0,3,0,0,4,2,3,0,0,7,0,4
121,0,2,1,1,2,0,3,0,0,3,0,1
122,0,3,1,1,0,0,1,0,0,1,1,1
123,0,2,1,1,1,0,2,1,0,2,0,1
124,1,2,0,1,0,0,1,0,1,1,1,4
125,0,1,1,3,0,1,3,0,1,2,0,1
126,1,3,1,0,1,0,1,1,0,2,0,2
127,0,3,1,2,0,0,0,2,0,1,1,1
128,1,3,1,1,0,0,0,0,0,1,1,1
129,1,3,0,1,1,1,2,1,1,3,0,4
130,0,3,1,2,0,0,0,0,0,1,1,1
131,0,3,1,2,0,0,0,1,0,1,1,1
132,0,3,1,1,0,0,0,0,0,1,1,1
133,0,3,0,2,1,0,2,0,0,2,0,3
134,1,2,0,1,1,0,2,0,0,2,0,3
135,0,2,1,1,0,0,1,0,0,1,1,1
136,0,2,1,1,0,0,2,1,0,1,1,1
137,1,1,0,1,0,2,2,0,1,3,0,4
138,0,1,1,2,1,0,3,0,1,2,0,1
139,0,3,1,0,0,0,1,0,0,1,1,1
140,0,1,1,1,0,0,3,1,1,1,1,1
141,0,3,0,2,0,2,2,1,0,3,0,3
142,1,3,0,1,0,0,0,0,0,1,1,4
143,1,3,0,1,1,0,2,0,0,2,0,3
144,0,3,1,1,0,0,0,2,0,1,1,1
145,0,2,1,1,0,0,1,0,0,1,1,1
146,0,2,1,1,1,1,3,0,0,3,0,1
147,1,3,1,1,0,0,0,0,0,1,1,1
148,0,3,0,0,2,2,3,0,0,5,0,4
149,0,2,1,2,0,2,2,0,1,3,0,1
150,0,2,1,2,0,0,1,0,0,1,1,5
151,0,2,1,3,0,0,1,0,0,1,1,5
152,1,1,0,1,1,0,3,0,1,2,0,3
153,0,3,1,3,0,0,1,0,0,1,1,1
154,0,3,1,2,0,2,2,0,0,3,0,1
155,0,3,1,2,0,0,0,0,0,1,1,1
156,0,1,1,3,0,1,3,1,0,2,0,1
157,1,3,0,0,0,0,0,2,0,1,1,4
158,0,3,1,1,0,0,1,0,0,1,1,1
159,0,3,1,2,0,0,1,0,0,1,1,1
160,0,3,1,2,8,2,3,0,0,11,0,2
161,0,3,1,2,0,1,2,0,0,2,0,1
162,1,2,0,2,0,0,2,0,0,1,1,3
163,0,3,1,1,0,0,0,0,0,1,1,1
164,0,3,1,1,0,0,1,0,0,1,1,1
165,0,3,1,0,4,1,3,0,0,6,0,2
166,1,3,1,0,0,2,2,0,0,3,0,2
167,1,1,0,2,0,1,3,0,1,2,0,3
168,0,3,0,2,1,4,2,0,0,6,0,3
169,0,1,1,1,0,0,2,0,0,1,1,1
170,0,3,1,1,0,0,3,0,0,1,1,1
171,0,1,1,3,0,0,3,0,1,1,1,1
172,0,3,1,0,4,1,2,2,0,6,0,2
173,1,3,0,0,1,1,1,0,0,3,0,4
174,0,3,1,1,0,0,1,0,0,1,1,1
175,0,1,1,3,0,0,2,1,1,1,1,1
176,0,3,1,1,1,1,0,0,0,3,0,1
177,0,3,1,2,3,1,2,0,0,5,0,2
178,0,1,0,3,0,0,2,1,1,1,1,4
179,0,2,1,1,0,0,1,0,0,1,1,1
180,0,3,1,2,0,0,0,0,0,1,1,1
181,0,3,0,2,8,2,3,0,0,11,0,4
182,0,2,1,2,0,0,2,1,0,1,1,1
183,0,3,1,0,4,2,3,0,0,7,0,2
184,1,2,1,0,2,1,3,0,1,4,0,2
185,1,3,0,0,0,2,2,0,0,3,0,4
186,0,1,1,1,0,0,3,0,1,1,1,1
187,1,3,0,2,1,0,2,2,0,2,0,3
188,1,1,1,2,0,0,2,0,0,1,1,1
189,0,3,1,2,1,1,2,2,0,3,0,1
190,0,3,1,2,0,0,0,0,0,1,1,1
191,1,2,0,1,0,0,1,0,0,1,1,3
192,0,2,1,1,0,0,1,0,0,1,1,1
193,1,3,0,1,1,0,0,0,0,2,0,4
194,1,2,1,0,1,1,2,0,1,3,0,2
195,1,1,0,2,0,0,2,1,1,1,1,3
196,1,1,0,3,0,0,3,1,1,1,1,4
197,0,3,1,1,0,0,0,2,0,1,1,1
198,0,3,1,2,0,1,1,0,0,2,0,1
199,1,3,0,1,0,0,0,2,0,1,1,4
200,0,2,0,1,0,0,1,0,0,1,1,4
201,0,3,1,1,0,0,1,0,0,1,1,1
202,0,3,1,2,8,2,3,0,0,11,0,1
203,0,3,1,2,0,0,0,0,0,1,1,1
204,0,3,1,2,0,0,0,1,0,1,1,1
205,1,3,1,1,0,0,1,0,0,1,1,1
206,0,3,0,0,0,1,1,0,1,2,0,4
207,0,3,1,1,1,0,2,0,0,2,0,1
208,1,3,1,1,0,0,2,1,0,1,1,1
209,1,3,0,0,0,0,0,2,0,1,1,4
210,1,1,1,2,0,0,2,1,1,1,1,1
211,0,3,1,1,0,0,0,0,0,1,1,1
212,1,2,0,2,0,0,2,0,0,1,1,4
213,0,3,1,1,0,0,0,0,0,1,1,1
214,0,2,1,1,0,0,1,0,0,1,1,1
215,0,3,1,1,1,0,0,2,0,2,0,1
216,1,1,0,1,1,0,3,1,1,2,0,4
217,1,3,0,1,0,0,1,0,0,1,1,4
218,0,2,1,2,1,0,2,0,0,2,0,1
219,1,1,0,1,0,0,3,1,1,1,1,4
220,0,2,1,1,0,0,1,0,0,1,1,1
221,1,3,1,0,0,0,1,0,0,1,1,1
222,0,2,1,1,0,0,1,0,0,1,1,1
223,0,3,1,3,0,0,1,0,0,1,1,1
224,0,3,1,1,0,0,0,0,0,1,1,1
225,1,1,1,2,1,0,3,0,1,2,0,1
226,0,3,1,1,0,0,1,0,0,1,1,1
227,1,2,1,1,0,0,1,0,0,1,1,1
228,0,3,1,1,0,0,0,0,0,1,1,1
229,0,2,1,1,0,0,1,0,0,1,1,1
230,0,3,0,2,3,1,2,0,0,5,0,4
231,1,1,0,2,1,0,3,0,1,2,0,3
232,0,3,1,1,0,0,0,0,0,1,1,1
233,0,2,1,3,0,0,1,0,0,1,1,1
234,1,3,0,0,4,2,3,0,0,7,0,4
235,0,2,1,1,0,0,1,0,0,1,1,1
236,0,3,0,2,0,0,0,0,0,1,1,4
237,0,2,1,2,1,0,2,0,0,2,0,1
238,1,2,0,0,0,2,2,0,0,3,0,4
239,0,2,1,1,0,0,1,0,0,1,1,1
240,0,2,1,2,0,0,1,0,0,1,1,1
241,0,3,0,2,1,0,2,1,0,2,0,4
242,1,3,0,2,1,0,2,2,0,2,0,4
243,0,2,1,1,0,0,1,0,0,1,1,1
244,0,3,1,1,0,0,0,0,0,1,1,1
245,0,3,1,1,0,0,0,1,0,1,1,1
246,0,1,1,2,2,0,3,2,1,3,0,5
247,0,3,0,1,0,0,0,0,0,1,1,4
248,1,2,0,1,0,2,2,0,0,3,0,3
249,1,1,1,2,1,1,3,0,1,3,0,1
250,0,2,1,3,1,0,2,0,0,2,0,5
251,0,3,1,1,0,0,0,0,0,1,1,1
252,0,3,0,1,1,1,1,0,1,3,0,3
253,0,1,1,3,0,0,2,0,1,1,1,1
254,0,3,1,1,1,0,2,0,0,2,0,1
255,0,3,0,2,0,2,2,0,0,3,0,3
256,1,3,0,1,0,2,2,1,0,3,0,3
257,1,1,0,2,0,0,3,1,0,1,1,3
258,1,1,0,1,0,0,3,0,1,1,1,4
259,1,1,0,2,0,0,3,1,0,1,1,4
260,1,2,0,3,0,1,2,0,0,2,0,3
261,0,3,1,0,0,0,0,2,0,1,1,1
262,1,3,1,0,4,2,3,0,0,7,0,2
263,0,1,1,3,1,1,3,0,1,3,0,1
264,0,1,1,2,0,0,0,0,1,1,1,1
265,0,3,0,0,0,0,0,2,0,1,1,4
266,0,2,1,2,0,0,1,0,0,1,1,1
267,0,3,1,0,4,1,3,0,0,6,0,1
268,1,3,1,1,1,0,0,0,0,2,0,1
269,1,1,0,3,0,1,3,0,1,2,0,3
270,1,1,0,2,0,0,3,0,1,1,1,4
271,0,1,1,0,0,0,2,0,0,1,1,1
272,1,3,1,1,0,0,0,0,0,1,1,1
273,1,2,0,2,0,1,2,0,0,2,0,3
274,0,1,1,2,0,1,2,1,1,2,0,1
275,1,3,0,1,0,0,0,2,0,1,1,4
276,1,1,0,3,1,0,3,0,1,2,0,4
277,0,3,0,2,0,0,0,0,0,1,1,4
278,0,2,1,2,0,0,0,0,0,1,1,1
279,0,3,1,0,4,1,2,2,0,6,0,2
280,1,3,0,2,1,1,2,0,0,3,0,3
281,0,3,1,65,0,0,0,2,0,1,1,1
282,0,3,1,1,0,0,0,0,0,1,1,1
283,0,3,1,0,0,0,1,0,0,1,1,1
284,1,3,1,1,0,0,1,0,0,1,1,1
285,0,1,1,1,0,0,2,0,1,1,1,1
286,0,3,1,2,0,0,1,1,0,1,1,1
287,1,3,1,1,0,0,1,0,0,1,1,1
288,0,3,1,1,0,0,0,0,0,1,1,1
289,1,2,1,2,0,0,1,0,0,1,1,1
290,1,3,0,1,0,0,0,2,0,1,1,4
291,1,1,0,1,0,0,3,0,0,1,1,4
292,1,1,0,1,1,0,3,1,1,2,0,3
293,0,2,1,2,0,0,1,1,1,1,1,1
294,0,3,0,1,0,0,1,0,0,1,1,4
295,0,3,1,1,0,0,0,0,0,1,1,1
296,0,1,1,2,0,0,2,1,0,1,1,1
297,0,3,1,1,0,0,0,1,0,1,1,1
298,0,1,0,0,1,2,3,0,1,4,0,4
299,1,1,1,0,0,0,2,0,1,1,1,1
300,1,1,0,3,0,1,3,1,1,2,0,3
301,1,3,0,1,0,0,0,2,0,1,1,4
302,1,3,1,2,2,0,2,2,0,3,0,1
303,0,3,1,1,0,0,0,0,0,1,1,1
304,1,2,0,1,0,0,1,2,1,1,1,4
305,0,3,1,2,0,0,1,0,0,1,1,1
306,1,1,1,0,1,2,3,0,1,4,0,2
307,1,1,0,1,0,0,3,1,0,1,1,4
308,1,1,0,1,1,0,3,1,1,2,0,3
309,0,2,1,1,1,0,2,1,0,2,0,1
310,1,1,0,1,0,0,3,1,1,1,1,4
311,1,1,0,1,0,0,3,1,1,1,1,4
312,1,1,0,1,2,2,3,1,1,5,0,4
313,0,2,0,1,1,1,2,0,0,3,0,3
314,0,3,1,1,0,0,0,0,0,1,1,1
315,0,2,1,2,1,1,2,0,0,3,0,1
316,1,3,0,1,0,0,0,0,0,1,1,4
317,1,2,0,1,1,0,2,0,0,2,0,3
318,0,2,1,3,0,0,1,0,0,1,1,5
319,1,1,0,1,0,2,3,0,1,3,0,4
320,1,1,0,2,1,1,3,1,1,3,0,3
321,0,3,1,1,0,0,0,0,0,1,1,1
322,0,3,1,1,0,0,0,0,0,1,1,1
323,1,2,0,1,0,0,1,2,0,1,1,4
324,1,2,0,1,1,1,2,0,0,3,0,3
325,0,3,1,2,8,2,3,0,0,11,0,1
326,1,1,0,2,0,0,3,1,1,1,1,4
327,0,3,1,3,0,0,0,0,0,1,1,1
328,1,2,0,2,0,0,1,0,1,1,1,3
329,1,3,0,1,1,1,2,0,0,3,0,3
330,1,1,0,0,0,1,3,1,1,2,0,4
331,1,3,0,2,2,0,2,2,0,3,0,4
332,0,1,1,2,0,0,2,0,1,1,1,1
333,0,1,1,2,0,1,3,0,1,2,0,1
334,0,3,1,0,2,0,2,0,0,3,0,1
335,1,1,0,0,1,0,3,0,0,2,0,3
336,0,3,1,1,0,0,0,0,0,1,1,1
337,0,1,1,1,1,0,3,0,1,2,0,1
338,1,1,0,2,0,0,3,1,1,1,1,4
339,1,3,1,2,0,0,1,0,0,1,1,1
340,0,1,1,2,0,0,3,0,1,1,1,1
341,1,2,1,0,1,1,2,0,1,3,0,2
342,1,1,0,1,3,2,3,0,1,6,0,4
343,0,2,1,1,0,0,1,0,0,1,1,1
344,0,2,1,1,0,0,1,0,0,1,1,1
345,0,2,1,2,0,0,1,0,0,1,1,1
346,1,2,0,1,0,0,1,0,1,1,1,4
347,1,2,0,2,0,0,1,0,0,1,1,4
348,1,3,0,2,1,0,2,0,0,2,0,3
349,1,3,1,0,1,1,2,0,0,3,0,2
350,0,3,1,2,0,0,1,0,0,1,1,1
351,0,3,1,1,0,0,1,0,0,1,1,1
352,0,1,1,2,0,0,3,0,1,1,1,1
353,0,3,1,0,1,1,0,1,0,3,0,1
354,0,3,1,1,1,0,2,0,0,2,0,1
355,0,3,1,1,0,0,0,1,0,1,1,1
356,0,3,1,1,0,0,1,0,0,1,1,1
357,1,1,0,1,0,1,3,0,1,2,0,4
358,0,2,0,2,0,0,1,0,0,1,1,4
359,1,3,0,2,0,0,0,2,0,1,1,4
360,1,3,0,1,0,0,0,2,0,1,1,4
361,0,3,1,2,1,4,2,0,0,6,0,1
362,0,2,1,1,1,0,2,1,0,2,0,1
363,0,3,0,2,0,1,2,1,0,2,0,3
364,0,3,1,2,0,0,0,0,0,1,1,1
365,0,3,1,2,1,0,2,2,0,2,0,1
366,0,3,1,1,0,0,0,0,0,1,1,1
367,1,1,0,3,1,0,3,1,1,2,0,3
368,1,3,0,1,0,0,0,1,0,1,1,3
369,1,3,0,2,0,0,0,2,0,1,1,4
370,1,1,0,1,0,0,3,1,1,1,1,3
371,1,1,1,1,1,0,3,1,1,2,0,1
372,0,3,1,1,1,0,0,0,0,2,0,1
373,0,3,1,1,0,0,1,0,0,1,1,1
374,0,1,1,1,0,0,3,1,0,1,1,1
375,0,3,0,0,3,1,2,0,0,5,0,4
376,1,1,0,1,1,0,3,1,0,2,0,3
377,1,3,0,1,0,0,0,0,0,1,1,4
378,0,1,1,1,0,2,3,1,1,3,0,1
379,0,3,1,1,0,0,0,1,0,1,1,1
380,0,3,1,1,0,0,0,0,0,1,1,1
381,1,1,0,2,0,0,3,1,0,1,1,4
382,1,3,0,0,0,2,2,1,0,3,0,4
383,0,3,1,1,0,0,1,0,0,1,1,1
384,1,1,0,2,1,0,3,0,0,2,0,3
385,0,3,1,2,0,0,0,0,0,1,1,1
386,0,2,1,1,0,0,3,0,0,1,1,1
387,0,3,1,0,5,2,3,0,0,8,0,2
388,1,2,0,2,0,0,1,0,0,1,1,4
389,0,3,1,1,0,0,0,2,0,1,1,1
390,1,2,0,1,0,0,1,1,0,1,1,4
391,1,1,1,2,1,2,3,0,1,4,0,1
392,1,3,1,1,0,0,0,0,0,1,1,1
393,0,3,1,1,2,0,1,0,0,3,0,1
394,1,1,0,1,1,0,3,1,1,2,0,4
395,1,3,0,1,0,2,2,0,1,3,0,3
396,0,3,1,1,0,0,0,0,0,1,1,1
397,0,3,0,1,0,0,0,0,0,1,1,4
398,0,2,1,2,0,0,2,0,0,1,1,1
399,0,2,1,1,0,0,1,0,0,1,1,5
400,1,2,0,1,0,0,1,0,0,1,1,3
401,1,3,1,2,0,0,1,0,0,1,1,1
402,0,3,1,1,0,0,1,0,0,1,1,1
403,0,3,0,1,1,0,1,0,0,2,0,4
404,0,3,1,1,1,0,2,0,0,2,0,1
405,0,3,0,1,0,0,1,0,0,1,1,4
406,0,2,1,2,1,0,2,0,0,2,0,1
407,0,3,1,3,0,0,0,0,0,1,1,1
408,1,2,1,0,1,1,2,0,0,3,0,2
409,0,3,1,1,0,0,0,0,0,1,1,1
410,0,3,0,0,3,1,2,0,0,5,0,4
411,0,3,1,1,0,0,0,0,0,1,1,1
412,0,3,1,2,0,0,0,2,0,1,1,1
413,1,1,0,2,1,0,3,2,1,2,0,4
414,0,2,1,2,0,0,0,0,0,1,1,1
415,1,3,1,2,0,0,1,0,0,1,1,1
416,0,3,0,2,0,0,1,0,0,1,1,3
417,1,2,0,2,1,1,3,0,0,3,0,3
418,1,2,0,1,0,2,1,0,0,3,0,4
419,0,2,1,1,0,0,1,0,0,1,1,1
420,0,3,0,0,0,2,2,0,0,3,0,4
421,0,3,1,1,0,0,0,1,0,1,1,1
422,0,3,1,1,0,0,0,2,0,1,1,1
423,0,3,1,1,0,0,0,0,0,1,1,1
424,0,3,0,1,1,1,1,0,0,3,0,3
425,0,3,1,1,1,1,2,0,0,3,0,1
426,0,3,1,2,0,0,0,0,0,1,1,1
427,1,2,0,1,1,0,2,0,0,2,0,3
428,1,2,0,1,0,0,2,0,0,1,1,4
429,0,3,1,1,0,0,0,2,0,1,1,1
430,1,3,1,1,0,0,1,0,1,1,1,1
431,1,1,1,1,0,0,2,0,1,1,1,1
432,1,3,0,1,1,0,2,0,0,2,0,3
433,1,2,0,2,1,0,2,0,0,2,0,3
434,0,3,1,1,0,0,0,0,0,1,1,1
435,0,1,1,3,1,0,3,0,1,2,0,1
436,1,1,0,0,1,2,3,0,1,4,0,4
437,0,3,0,1,2,2,3,0,0,5,0,4
438,1,2,0,1,2,3,2,0,0,6,0,3
439,0,1,1,3,1,4,3,0,1,6,0,1
440,0,2,1,1,0,0,1,0,0,1,1,1
441,1,2,0,2,1,1,2,0,0,3,0,3
442,0,3,1,1,0,0,1,0,0,1,1,1
443,0,3,1,1,1,0,0,0,0,2,0,1
444,1,2,0,1,0,0,1,0,0,1,1,4
445,1,3,1,1,0,0,1,0,0,1,1,1
446,1,1,1,0,0,2,3,0,1,3,0,2
447,1,2,0,0,0,1,2,0,0,2,0,4
448,1,1,1,2,0,0,2,0,0,1,1,1
449,1,3,0,0,2,1,2,1,0,4,0,4
450,1,1,1,3,0,0,2,0,1,1,1,5
451,0,2,1,2,1,2,2,0,0,4,0,1
452,0,3,1,2,1,0,2,0,0,2,0,1
453,0,1,1,1,0,0,2,1,1,1,1,1
454,1,1,1,3,1,0,3,1,1,2,0,1
455,0,3,1,2,0,0,1,0,0,1,1,1
456,1,3,1,1,0,0,0,1,0,1,1,1
457,0,1,1,65,0,0,2,0,1,1,1,1
458,1,1,0,1,1,0,3,0,1,2,0,3
459,1,2,0,3,0,0,1,0,0,1,1,4
460,0,3,1,2,0,0,0,2,0,1,1,1
461,1,1,1,2,0,0,2,0,1,1,1,1
462,0,3,1,2,0,0,1,0,0,1,1,1
463,0,1,1,2,0,0,3,0,1,1,1,1
464,0,2,1,2,0,0,1,0,0,1,1,1
465,0,3,1,1,0,0,1,0,0,1,1,1
466,0,3,1,2,0,0,0,0,0,1,1,1
467,0,2,1,1,0,0,0,0,0,1,1,1
468,0,1,1,3,0,0,2,0,0,1,1,1
469,0,3,1,1,0,0,0,2,0,1,1,1
470,1,3,0,0,2,1,2,1,0,4,0,4
471,0,3,1,1,0,0,0,0,0,1,1,1
472,0,3,1,2,0,0,1,0,0,1,1,1
473,1,2,0,2,1,2,2,0,0,4,0,3
474,1,2,0,1,0,0,1,1,1,1,1,3
475,0,3,0,1,0,0,1,0,0,1,1,4
476,0,1,1,0,0,0,3,0,1,1,1,1
477,0,2,1,2,1,0,2,0,0,2,0,1
478,0,3,1,1,1,0,0,0,0,2,0,1
479,0,3,1,1,0,0,0,0,0,1,1,1
480,1,3,0,0,0,1,1,0,0,2,0,4
481,0,3,1,0,5,2,3,0,0,8,0,2
482,0,2,1,2,0,0,0,0,0,1,1,1
483,0,3,1,3,0,0,1,0,0,1,1,1
484,1,3,0,3,0,0,1,0,0,1,1,3
485,1,1,1,1,1,0,3,1,1,2,0,1
486,0,3,0,1,3,1,2,0,0,5,0,4
487,1,1,0,2,1,0,3,0,1,2,0,3
488,0,1,1,3,0,0,2,1,1,1,1,1
489,0,3,1,1,0,0,1,0,0,1,1,1
490,1,3,1,0,1,1,2,0,0,3,0,2
491,0,3,1,2,1,0,2,0,0,2,0,1
492,0,3,1,1,0,0,0,0,0,1,1,1
493,0,1,1,3,0,0,2,0,1,1,1,1
494,0,1,1,71,0,0,3,1,0,1,1,1
495,0,3,1,1,0,0,1,0,0,1,1,1
496,0,3,1,1,0,0,2,1,0,1,1,1
497,1,1,0,3,1,0,3,1,1,2,0,4
498,0,3,1,1,0,0,2,0,0,1,1,1
499,0,1,0,1,1,2,3,0,1,4,0,3
500,0,3,1,1,0,0,0,0,0,1,1,1
501,0,3,1,1,0,0,1,0,0,1,1,1
502,0,3,0,1,0,0,0,2,0,1,1,4
503,0,3,0,1,0,0,0,2,0,1,1,4
504,0,3,0,2,0,0,1,0,0,1,1,4
505,1,1,0,0,0,0,3,0,1,1,1,4
506,0,1,1,1,1,0,3,1,1,2,0,1
507,1,2,0,2,0,2,2,0,0,3,0,3
508,1,1,1,0,0,0,2,0,0,1,1,1
509,0,3,1,1,0,0,2,0,0,1,1,1
510,1,3,1,1,0,0,3,0,0,1,1,1
511,1,3,1,1,0,0,0,2,0,1,1,1
512,0,3,1,1,0,0,1,0,0,1,1,1
513,1,1,1,2,0,0,2,0,1,1,1,1
514,1,1,0,3,1,0,3,1,0,2,0,3
515,0,3,1,1,0,0,0,0,0,1,1,1
516,0,1,1,2,0,0,3,0,1,1,1,1
517,1,2,0,2,0,0,1,0,1,1,1,3
518,0,3,1,0,0,0,2,2,0,1,1,1
519,1,2,0,2,1,0,2,0,0,2,0,3
520,0,3,1,1,0,0,0,0,0,1,1,1
521,1,1,0,1,0,0,3,0,1,1,1,4
522,0,3,1,1,0,0,0,0,0,1,1,1
523,0,3,1,1,0,0,0,1,0,1,1,1
524,1,1,0,2,0,1,3,1,1,2,0,3
525,0,3,1,1,0,0,0,1,0,1,1,1
526,0,3,1,2,0,0,0,2,0,1,1,1
527,1,2,0,3,0,0,1,0,0,1,1,4
528,0,1,1,1,0,0,3,0,1,1,1,1
529,0,3,1,2,0,0,1,0,0,1,1,1
530,0,2,1,1,2,1,1,0,0,4,0,1
531,1,2,0,0,1,1,2,0,0,3,0,4
532,0,3,1,1,0,0,0,1,0,1,1,1
533,0,3,1,1,1,1,0,1,0,3,0,1
534,1,3,0,1,0,2,2,1,0,3,0,3
535,0,3,0,1,0,0,1,0,0,1,1,4
536,1,2,0,0,0,2,2,0,0,3,0,4
537,0,1,1,2,0,0,2,0,1,1,1,5
538,1,1,0,1,0,0,3,1,0,1,1,4
539,0,3,1,2,0,0,2,0,0,1,1,1
540,1,1,0,1,0,2,3,1,1,3,0,4
541,1,1,0,2,0,2,3,0,1,3,0,4
542,0,3,0,0,4,2,3,0,0,7,0,4
543,0,3,0,0,4,2,3,0,0,7,0,4
544,1,2,1,1,1,0,2,0,0,2,0,1
545,0,1,1,3,1,0,3,1,1,2,0,1
546,0,1,1,3,0,0,2,0,0,1,1,1
547,1,2,0,1,1,0,2,0,0,2,0,3
548,1,2,1,1,0,0,1,1,0,1,1,1
549,0,3,1,2,1,1,2,0,0,3,0,1
550,1,2,1,0,1,1,3,0,0,3,0,2
551,1,1,1,1,0,2,3,1,1,3,0,1
552,0,2,1,1,0,0,2,0,0,1,1,1
553,0,3,1,2,0,0,0,2,0,1,1,1
554,1,3,1,1,0,0,0,1,0,1,1,1
555,1,3,0,1,0,0,0,0,0,1,1,4
556,0,1,1,3,0,0,2,0,0,1,1,1
557,1,1,0,2,1,0,3,1,1,2,0,5
558,0,1,1,2,0,0,3,1,0,1,1,1
559,1,1,0,2,1,1,3,0,1,3,0,3
560,1,3,0,2,1,0,2,0,0,2,0,3
561,0,3,1,1,0,0,0,2,0,1,1,1
562,0,3,1,2,0,0,0,0,0,1,1,1
563,0,2,1,1,0,0,1,0,0,1,1,1
564,0,3,1,2,0,0,1,0,0,1,1,1
565,0,3,0,1,0,0,1,0,0,1,1,4
566,0,3,1,1,2,0,2,0,0,3,0,1
567,0,3,1,1,0,0,0,0,0,1,1,1
568,0,3,0,1,0,4,2,0,0,5,0,3
569,0,3,1,2,0,0,0,1,0,1,1,1
570,1,3,1,1,0,0,0,0,0,1,1,1
571,1,2,1,3,0,0,1,0,0,1,1,1
572,1,1,0,3,2,0,3,0,1,3,0,3
573,1,1,1,2,0,0,2,0,1,1,1,1
574,1,3,0,1,0,0,0,2,0,1,1,4
575,0,3,1,0,0,0,1,0,0,1,1,1
576,0,3,1,1,0,0,2,0,0,1,1,1
577,1,2,0,2,0,0,1,0,0,1,1,4
578,1,1,0,2,1,0,3,0,1,2,0,3
579,0,3,0,1,1,0,2,1,0,2,0,3
580,1,3,1,1,0,0,1,0,0,1,1,1
581,1,2,0,1,1,1,2,0,0,3,0,4
582,1,1,0,2,1,1,3,1,1,3,0,3
583,0,2,1,3,0,0,2,0,0,1,1,1
584,0,1,1,2,0,0,3,1,1,1,1,1
585,0,3,1,0,0,0,1,1,0,1,1,1
586,1,1,0,1,0,2,3,0,1,3,0,4
587,0,2,1,2,0,0,2,0,0,1,1,1
588,1,1,1,3,1,1,3,1,1,3,0,1
589,0,3,1,1,0,0,1,0,0,1,1,1
590,0,3,1,1,0,0,1,0,0,1,1,1
591,0,3,1,2,0,0,0,0,0,1,1,1
592,1,1,0,3,1,0,3,1,1,2,0,3
593,0,3,1,2,0,0,0,0,0,1,1,1
594,0,3,0,1,0,2,0,2,0,3,0,4
595,0,2,1,2,1,0,2,0,0,2,0,1
596,0,3,1,2,1,1,2,0,0,3,0,1
597,1,2,0,1,0,0,3,0,0,1,1,4
598,0,3,1,3,0,0,0,0,0,1,1,1
599,0,3,1,2,0,0,0,1,0,1,1,1
600,1,1,1,3,1,0,3,1,1,2,0,5
601,1,2,0,1,2,1,2,0,0,4,0,3
602,0,3,1,1,0,0,0,0,0,1,1,1
603,0,1,1,1,0,0,3,0,0,1,1,1
604,0,3,1,2,0,0,1,0,0,1,1,1
605,1,1,1,2,0,0,2,1,0,1,1,1
606,0,3,1,2,1,0,2,0,0,2,0,1
607,0,3,1,1,0,0,0,0,0,1,1,1
608,1,1,1,1,0,0,2,0,0,1,1,1
609,1,2,0,1,1,2,3,1,0,4,0,3
610,1,1,0,2,0,0,3,0,1,1,1,4
611,0,3,0,2,1,5,3,0,0,7,0,3
612,0,3,1,0,0,0,0,0,0,1,1,1
613,1,3,0,1,1,0,2,2,0,2,0,4
614,0,3,1,1,0,0,0,2,0,1,1,1
615,0,3,1,2,0,0,1,0,0,1,1,1
616,1,2,0,1,1,2,3,0,0,4,0,4
617,0,3,1,2,1,1,1,0,0,3,0,1
618,0,3,0,1,1,0,2,0,0,2,0,3
619,1,2,0,0,2,1,3,0,1,4,0,4
620,0,2,1,1,0,0,1,0,0,1,1,1
621,0,3,1,1,1,0,2,1,0,2,0,1
622,1,1,1,2,1,0,3,0,1,2,0,1
623,1,3,1,1,1,1,2,1,0,3,0,1
624,0,3,1,1,0,0,0,0,0,1,1,1
625,0,3,1,1,0,0,2,0,0,1,1,1
626,0,1,1,3,0,0,3,0,1,1,1,1
627,0,2,1,3,0,0,1,2,0,1,1,5
628,1,1,0,1,0,0,3,0,1,1,1,4
629,0,3,1,1,0,0,0,0,0,1,1,1
630,0,3,1,2,0,0,0,2,0,1,1,1
631,1,1,1,80,0,0,2,0,1,1,1,1
632,0,3,1,3,0,0,0,0,0,1,1,1
633,1,1,1,1,0,0,2,1,1,1,1,5
634,0,1,1,2,0,0,0,0,0,1,1,1
635,0,3,0,0,3,2,2,0,0,6,0,4
636,1,2,0,1,0,0,1,0,0,1,1,4
637,0,3,1,1,0,0,1,0,0,1,1,1
638,0,2,1,1,1,1,2,0,0,3,0,1
639,0,3,0,2,0,5,3,0,0,6,0,3
640,0,3,1,2,1,0,2,0,0,2,0,1
641,0,3,1,1,0,0,0,0,0,1,1,1
642,1,1,0,1,0,0,3,1,1,1,1,4
643,0,3,0,0,3,2,2,0,0,6,0,4
644,1,3,1,2,0,0,3,0,0,1,1,1
645,1,3,0,0,2,1,2,1,0,4,0,4
646,1,1,1,2,1,0,3,1,1,2,0,1
647,0,3,1,1,0,0,0,0,0,1,1,1
648,1,1,1,3,0,0,3,1,1,1,1,5
649,0,3,1,1,0,0,0,0,0,1,1,1
650,1,3,0,1,0,0,0,0,0,1,1,4
651,0,3,1,1,0,0,0,0,0,1,1,1
652,1,2,0,1,0,1,2,0,0,2,0,4
653,0,3,1,1,0,0,1,0,0,1,1,1
654,1,3,0,2,0,0,0,2,0,1,1,4
655,0,3,0,1,0,0,0,2,0,1,1,4
656,0,2,1,1,2,0,3,0,0,3,0,1
657,0,3,1,1,0,0,0,0,0,1,1,1
658,0,3,0,1,1,1,2,2,0,3,0,3
659,0,2,1,1,0,0,1,0,0,1,1,1
660,0,1,1,3,0,2,3,1,1,3,0,1
661,1,1,1,3,2,0,3,0,0,3,0,5
662,0,3,1,2,0,0,0,1,0,1,1,1
663,0,1,1,2,0,0,2,0,1,1,1,1
664,0,3,1,2,0,0,0,0,0,1,1,1
665,1,3,1,1,1,0,1,0,0,2,0,1
666,0,2,1,1,2,0,3,0,0,3,0,1
667,0,2,1,1,0,0,1,0,0,1,1,1
668,0,3,1,1,0,0,0,0,0,1,1,1
669,0,3,1,2,0,0,1,0,0,1,1,1
670,1,1,0,1,1,0,3,0,1,2,0,3
671,1,2,0,2,1,1,3,0,0,3,0,3
672,0,1,1,1,1,0,3,0,1,2,0,1
673,0,2,1,70,0,0,1,0,0,1,1,1
674,1,2,1,1,0,0,1,0,0,1,1,1
675,0,2,1,2,0,0,0,0,0,1,1,1
676,0,3,1,1,0,0,0,0,0,1,1,1
677,0,3,1,1,0,0,1,0,0,1,1,1
678,1,3,0,1,0,0,1,0,0,1,1,4
679,0,3,0,2,1,6,3,0,0,8,0,3
680,1,1,1,2,0,1,3,1,1,2,0,1
681,0,3,0,2,0,0,1,2,0,1,1,4
682,1,1,1,1,0,0,3,1,1,1,1,1
683,0,3,1,1,0,0,1,0,0,1,1,1
684,0,3,1,0,5,2,3,0,0,8,0,1
685,0,2,1,3,1,1,3,0,0,3,0,1
686,0,2,1,1,1,2,3,1,0,4,0,1
687,0,3,1,0,4,1,3,0,0,6,0,1
688,0,3,1,1,0,0,1,0,0,1,1,1
689,0,3,1,1,0,0,0,0,0,1,1,1
690,1,1,0,0,0,1,3,0,1,2,0,4
691,1,1,1,1,1,0,3,0,1,2,0,1
692,1,3,0,0,0,1,1,1,0,2,0,4
693,1,3,1,1,0,0,3,0,0,1,1,1
694,0,3,1,1,0,0,0,1,0,1,1,1
695,0,1,1,3,0,0,2,0,0,1,1,5
696,0,2,1,3,0,0,1,0,0,1,1,1
697,0,3,1,2,0,0,1,0,0,1,1,1
698,1,3,0,1,0,0,0,2,0,1,1,4
699,0,1,1,3,1,1,3,1,1,3,0,1
700,0,3,1,2,0,0,0,0,1,1,1,1
701,1,1,0,1,1,0,3,1,1,2,0,3
702,1,1,1,2,0,0,2,0,1,1,1,1
703,0,3,0,1,0,1,2,1,0,2,0,4
704,0,3,1,1,0,0,0,2,0,1,1,1
705,0,3,1,1,1,0,0,0,0,2,0,1
706,0,2,1,2,0,0,2,0,0,1,1,1
707,1,2,0,2,0,0,1,0,0,1,1,3
708,1,1,1,2,0,0,2,0,1,1,1,1
709,1,1,0,1,0,0,3,0,0,1,1,4
710,1,3,1,1,1,1,2,1,0,3,0,2
711,1,1,0,1,0,0,3,1,1,1,1,4
712,0,1,1,1,0,0,2,0,1,1,1,1
713,1,1,1,2,1,0,3,0,1,2,0,1
714,0,3,1,1,0,0,1,0,0,1,1,1
715,0,2,1,3,0,0,1,0,0,1,1,1
716,0,3,1,1,0,0,0,0,1,1,1,1
717,1,1,0,2,0,0,3,1,1,1,1,4
718,1,2,0,1,0,0,1,0,1,1,1,4
719,0,3,1,1,0,0,2,2,0,1,1,1
720,0,3,1,2,0,0,0,0,0,1,1,1
721,1,2,0,0,0,1,3,0,0,2,0,4
722,0,3,1,1,1,0,0,0,0,2,0,1
723,0,2,1,2,0,0,1,0,0,1,1,1
724,0,2,1,3,0,0,1,0,0,1,1,1
725,1,1,1,1,1,0,3,0,1,2,0,1
726,0,3,1,1,0,0,1,0,0,1,1,1
727,1,2,0,1,3,0,2,0,0,4,0,3
728,1,3,0,2,0,0,0,2,0,1,1,4
729,0,2,1,1,1,0,2,0,0,2,0,1
730,0,3,0,1,1,0,1,0,0,2,0,4
731,1,1,0,1,0,0,3,0,1,1,1,4
732,0,3,1,0,0,0,2,1,0,1,1,1
733,0,2,1,2,0,0,0,0,0,1,1,1
734,0,2,1,1,0,0,1,0,0,1,1,1
735,0,2,1,1,0,0,1,0,0,1,1,1
736,0,3,1,1,0,0,2,0,0,1,1,1
737,0,3,0,2,1,3,3,0,0,5,0,3
738,1,1,1,2,0,0,3,1,1,1,1,1
739,0,3,1,2,0,0,0,0,0,1,1,1
740,0,3,1,1,0,0,0,0,0,1,1,1
741,1,1,1,2,0,0,2,0,1,1,1,1
742,0,1,1,2,1,0,3,0,1,2,0,1
743,1,1,0,1,2,2,3,1,1,5,0,4
744,0,3,1,1,1,0,2,0,0,2,0,1
745,1,3,1,1,0,0,1,0,0,1,1,1
746,0,1,1,70,1,1,3,0,1,3,0,5
747,0,3,1,0,1,1,2,0,0,3,0,1
748,1,2,0,1,0,0,1,0,0,1,1,4
749,0,1,1,1,1,0,3,0,1,2,0,1
750,0,3,1,1,0,0,0,2,0,1,1,1
751,1,2,0,0,1,1,2,0,0,3,0,4
752,1,3,1,0,0,1,1,0,1,2,0,2
753,0,3,1,2,0,0,1,0,0,1,1,1
754,0,3,1,1,0,0,0,0,0,1,1,1
755,1,2,0,2,1,2,3,0,0,4,0,3
756,1,2,1,0,1,1,2,0,0,3,0,2
757,0,3,1,1,0,0,0,0,0,1,1,1
758,0,2,1,1,0,0,1,0,0,1,1,1
759,0,3,1,2,0,0,1,0,0,1,1,1
760,1,1,0,2,0,0,3,0,1,1,1,5
761,0,3,1,1,0,0,2,0,0,1,1,1
762,0,3,1,2,0,0,0,0,0,1,1,1
763,1,3,1,1,0,0,0,1,0,1,1,1
764,1,1,0,2,1,2,3,0,1,4,0,3
765,0,3,1,0,0,0,0,0,0,1,1,1
766,1,1,0,3,1,0,3,0,1,2,0,3
767,0,1,1,1,0,0,3,1,0,1,1,5
768,0,3,0,1,0,0,0,2,0,1,1,4
769,0,3,1,1,1,0,2,2,0,2,0,1
770,0,3,1,1,0,0,1,0,0,1,1,1
771,0,3,1,1,0,0,1,0,0,1,1,1
772,0,3,1,2,0,0,0,0,0,1,1,1
773,0,2,0,3,0,0,1,0,1,1,1,3
774,0,3,1,1,0,0,0,1,0,1,1,1
775,1,2,0,3,1,3,2,0,0,5,0,3
776,0,3,1,1,0,0,0,0,0,1,1,1
777,0,3,1,1,0,0,0,2,1,1,1,1
778,1,3,0,0,0,0,1,0,0,1,1,4
779,0,3,1,2,0,0,0,2,0,1,1,1
780,1,1,0,2,0,1,3,0,1,2,0,3
781,1,3,0,0,0,0,0,1,0,1,1,4
782,1,1,0,1,1,0,3,0,1,2,0,3
783,0,1,1,1,0,0,2,0,1,1,1,1
784,0,3,1,2,1,2,2,0,0,4,0,1
785,0,3,1,1,0,0,0,0,0,1,1,1
786,0,3,1,1,0,0,0,0,0,1,1,1
787,1,3,0,1,0,0,0,0,0,1,1,4
788,0,3,1,0,4,1,2,2,0,6,0,2
789,1,3,1,0,1,2,2,0,0,4,0,2
790,0,1,1,2,0,0,3,1,1,1,1,1
791,0,3,1,2,0,0,0,2,0,1,1,1
792,0,2,1,0,0,0,2,0,0,1,1,1
793,0,3,0,1,8,2,3,0,0,11,0,4
794,0,1,1,1,0,0,2,1,0,1,1,1
795,0,3,1,1,0,0,0,0,0,1,1,1
796,0,2,1,2,0,0,1,0,0,1,1,1
797,1,1,0,3,0,0,2,0,1,1,1,5
798,1,3,0,1,0,0,1,0,0,1,1,3
799,0,3,1,1,0,0,0,1,0,1,1,1
800,0,3,0,1,1,1,2,0,0,3,0,3
801,0,2,1,2,0,0,1,0,0,1,1,1
802,1,2,0,1,1,1,2,0,0,3,0,3
803,1,1,1,0,1,2,3,0,1,4,0,2
804,1,3,1,0,0,1,1,1,0,2,0,2
805,1,3,1,1,0,0,0,0,0,1,1,1
806,0,3,1,1,0,0,0,0,0,1,1,1
807,0,1,1,2,0,0,0,0,1,1,1,1
808,0,3,0,1,0,0,0,0,0,1,1,4
809,0,2,1,2,0,0,1,0,0,1,1,1
810,1,1,0,2,1,0,3,0,1,2,0,3
811,0,3,1,1,0,0,0,0,0,1,1,1
812,0,3,1,2,0,0,2,0,0,1,1,1
813,0,2,1,2,0,0,1,0,0,1,1,1
814,0,3,0,0,4,2,3,0,0,7,0,4
815,0,3,1,1,0,0,1,0,0,1,1,1
816,0,1,1,2,0,0,0,0,1,1,1,1
817,0,3,0,1,0,0,1,0,0,1,1,4
818,0,2,1,1,1,1,3,1,0,3,0,1
819,0,3,1,2,0,0,0,0,0,1,1,1
820,0,3,1,0,3,2,2,0,0,6,0,2
821,1,1,0,3,1,1,3,0,1,3,0,3
822,1,3,1,1,0,0,1,0,0,1,1,1
823,0,1,1,2,0,0,0,0,0,1,1,5
824,1,3,0,1,0,1,1,0,1,2,0,3
825,0,3,1,0,4,1,3,0,0,6,0,2
826,0,3,1,2,0,0,0,2,0,1,1,1
827,0,3,1,1,0,0,3,0,0,1,1,1
828,1,2,1,0,0,2,3,1,0,3,0,2
829,1,3,1,1,0,0,0,2,0,1,1,1
830,1,1,0,3,0,0,3,0,1,1,1,3
831,1,3,0,0,1,0,2,1,0,2,0,3
832,1,2,1,0,1,1,2,0,0,3,0,2
833,0,3,1,1,0,0,0,1,0,1,1,1
834,0,3,1,1,0,0,0,0,0,1,1,1
835,0,3,1,1,0,0,1,0,0,1,1,1
836,1,1,0,2,1,1,3,1,1,3,0,4
837,0,3,1,1,0,0,1,0,0,1,1,1
838,0,3,1,2,0,0,1,0,0,1,1,1
839,1,3,1,1,0,0,3,0,0,1,1,1
840,1,1,1,2,0,0,2,1,1,1,1,1
841,0,3,1,1,0,0,1,0,0,1,1,1
842,0,2,1,0,0,0,1,0,0,1,1,1
843,1,1,0,1,0,0,2,1,0,1,1,4
844,0,3,1,2,0,0,0,1,0,1,1,1
845,0,3,1,1,0,0,1,0,0,1,1,1
846,0,3,1,2,0,0,0,0,0,1,1,1
847,0,3,1,1,8,2,3,0,0,11,0,1
848,0,3,1,2,0,0,0,1,0,1,1,1
849,0,2,1,1,0,1,3,0,0,2,0,5
850,1,1,0,1,1,0,3,1,1,2,0,3
851,0,3,1,0,4,2,3,0,0,7,0,2
852,0,3,1,74,0,0,0,0,0,1,1,1
853,0,3,0,0,1,1,2,1,0,3,0,4
854,1,1,0,0,0,1,3,0,1,2,0,4
855,0,2,0,2,1,0,2,0,0,2,0,3
856,1,3,0,1,0,1,1,0,0,2,0,3
857,1,1,0,2,1,1,3,0,0,3,0,3
858,1,1,1,3,0,0,2,0,1,1,1,1
859,1,3,0,1,0,3,2,1,0,4,0,3
860,0,3,1,1,0,0,0,1,0,1,1,1
861,0,3,1,2,2,0,1,0,0,3,0,1
862,0,2,1,1,1,0,1,0,0,2,0,1
863,1,1,0,2,0,0,2,0,1,1,1,3
864,0,3,0,1,8,2,3,0,0,11,0,4
865,0,2,1,1,0,0,1,0,0,1,1,1
866,1,2,0,2,0,0,1,0,0,1,1,3
867,1,2,0,1,1,0,1,1,0,2,0,4
868,0,1,1,1,0,0,3,0,1,1,1,1
869,0,3,1,1,0,0,1,0,0,1,1,1
870,1,3,1,0,1,1,1,0,0,3,0,2
871,0,3,1,1,0,0,0,0,0,1,1,1
872,1,1,0,2,1,1,3,0,1,3,0,3
873,0,1,1,2,0,0,0,0,1,1,1,1
874,0,3,1,2,0,0,1,0,0,1,1,1
875,1,2,0,1,1,0,2,1,0,2,0,3
876,1,3,0,0,0,0,0,1,0,1,1,4
877,0,3,1,1,0,0,1,0,0,1,1,1
878,0,3,1,1,0,0,0,0,0,1,1,1
879,0,3,1,1,0,0,0,0,0,1,1,1
880,1,1,0,3,0,1,3,1,1,2,0,3
881,1,2,0,1,0,1,2,0,0,2,0,3
882,0,3,1,2,0,0,0,0,0,1,1,1
883,0,3,0,1,0,0,1,0,0,1,1,4
884,0,2,1,1,0,0,1,0,0,1,1,1
885,0,3,1,1,0,0,0,0,0,1,1,1
886,0,3,0,2,0,5,2,2,0,6,0,3
887,0,2,1,1,0,0,1,0,0,1,1,5
888,1,1,0,1,0,0,2,0,1,1,1,4
889,0,3,0,1,1,2,2,0,0,4,0,4
890,1,1,1,1,0,0,2,1,1,1,1,1
891,0,3,1,1,0,0,0,2,0,1,1,1
